Workbook

Sheet Analysis
C4: ID: | D4: 99 | E4: L/R: | F4: =VLOOKUP(D4,'Segment width'!$A$2:$C$55,3,0) -> 1
C6: Segment width | D6: Hands Raises | E6: Air Time | F6: Total Time | G6: Writing Time
A7: 1 | B7: 4 | C7: =VLOOKUP($D$4,'Segment width'!$A$2:$AA$55,$B7,0) -> 10 | D7: =VLOOKUP($D$4,'Hands Raises'!$A$2:$AA$55,$B7,0) -> 15 | E7: =VLOOKUP($D$4,'Air Time'!$A$2:$AA$55,$B7,0) -> 14320 | F7: =VLOOKUP($D$4,'Total Time'!$A$2:$AA$55,$B7,0) -> 33731 | G7: =VLOOKUP($D$4,'Writing Time'!$A$2:$AA$55,$B7,0) -> 19411 | H7: =SUM(E7+G7) -> 33731
A8: 2 | B8: 5 | C8: =VLOOKUP($D$4,'Segment width'!$A$2:$AA$55,$B8,0) -> 12 | D8: =VLOOKUP($D$4,'Hands Raises'!$A$2:$AA$55,$B8,0) -> 15 | E8: =VLOOKUP($D$4,'Air Time'!$A$2:$AA$55,$B8,0) -> 13429 | F8: =VLOOKUP($D$4,'Total Time'!$A$2:$AA$55,$B8,0) -> 28636 | G8: =VLOOKUP($D$4,'Writing Time'!$A$2:$AA$55,$B8,0) -> 15207
A9: 3 | B9: 6 | C9: =VLOOKUP($D$4,'Segment width'!$A$2:$AA$55,$B9,0) -> 11 | D9: =VLOOKUP($D$4,'Hands Raises'!$A$2:$AA$55,$B9,0) -> 15 | E9: =VLOOKUP($D$4,'Air Time'!$A$2:$AA$55,$B9,0) -> 14375 | F9: =VLOOKUP($D$4,'Total Time'!$A$2:$AA$55,$B9,0) -> 28920 | G9: =VLOOKUP($D$4,'Writing Time'!$A$2:$AA$55,$B9,0) -> 14545
A10: 4 | B10: 7 | C10: =VLOOKUP($D$4,'Segment width'!$A$2:$AA$55,$B10,0) -> 11 | D10: =VLOOKUP($D$4,'Hands Raises'!$A$2:$AA$55,$B10,0) -> 15 | E10: =VLOOKUP($D$4,'Air Time'!$A$2:$AA$55,$B10,0) -> 16019 | F10: =VLOOKUP($D$4,'Total Time'!$A$2:$AA$55,$B10,0) -> 30055 | G10: =VLOOKUP($D$4,'Writing Time'!$A$2:$AA$55,$B10,0) -> 14036
A11: 5 | B11: 8 | C11: =VLOOKUP($D$4,'Segment width'!$A$2:$AA$55,$B11,0) -> 12 | D11: =VLOOKUP($D$4,'Hands Raises'!$A$2:$AA$55,$B11,0) -> 15 | E11: =VLOOKUP($D$4,'Air Time'!$A$2:$AA$55,$B11,0) -> 14205 | F11: =VLOOKUP($D$4,'Total Time'!$A$2:$AA$55,$B11,0) -> 28880 | G11: =VLOOKUP($D$4,'Writing Time'!$A$2:$AA$55,$B11,0) -> 14675
A12: 6 | B12: 9 | C12: =VLOOKUP($D$4,'Segment width'!$A$2:$AA$55,$B12,0) -> 14 | D12: =VLOOKUP($D$4,'Hands Raises'!$A$2:$AA$55,$B12,0) -> 16 | E12: =VLOOKUP($D$4,'Air Time'!$A$2:$AA$55,$B12,0) -> 15409 | F12: =VLOOKUP($D$4,'Total Time'!$A$2:$AA$55,$B12,0) -> 30990 | G12: =VLOOKUP($D$4,'Writing Time'!$A$2:$AA$55,$B12,0) -> 15581
A13: 7 | B13: 10 | C13: =VLOOKUP($D$4,'Segment width'!$A$2:$AA$55,$B13,0) -> 13 | D13: =VLOOKUP($D$4,'Hands Raises'!$A$2:$AA$55,$B13,0) -> 16 | E13: =VLOOKUP($D$4,'Air Time'!$A$2:$AA$55,$B13,0) -> 13577 | F13: =VLOOKUP($D$4,'Total Time'!$A$2:$AA$55,$B13,0) -> 26140 | G13: =VLOOKUP($D$4,'Writing Time'!$A$2:$AA$55,$B13,0) -> 12563
A14: 8 | B14: 11 | C14: =VLOOKUP($D$4,'Segment width'!$A$2:$AA$55,$B14,0) -> 9 | D14: =VLOOKUP($D$4,'Hands Raises'!$A$2:$AA$55,$B14,0) -> 15 | E14: =VLOOKUP($D$4,'Air Time'!$A$2:$AA$55,$B14,0) -> 11328 | F14: =VLOOKUP($D$4,'Total Time'!$A$2:$AA$55,$B14,0) -> 22715 | G14: =VLOOKUP($D$4,'Writing Time'!$A$2:$AA$55,$B14,0) -> 11387
A15: 9 | B15: 12 | C15: =VLOOKUP($D$4,'Segment width'!$A$2:$AA$55,$B15,0) -> 8 | D15: =VLOOKUP($D$4,'Hands Raises'!$A$2:$AA$55,$B15,0) -> 15 | E15: =VLOOKUP($D$4,'Air Time'!$A$2:$AA$55,$B15,0) -> 13672 | F15: =VLOOKUP($D$4,'Total Time'!$A$2:$AA$55,$B15,0) -> 25437 | G15: =VLOOKUP($D$4,'Writing Time'!$A$2:$AA$55,$B15,0) -> 11765
A16: 10 | B16: 13 | C16: =VLOOKUP($D$4,'Segment width'!$A$2:$AA$55,$B16,0) -> 9 | D16: =VLOOKUP($D$4,'Hands Raises'!$A$2:$AA$55,$B16,0) -> 15 | E16: =VLOOKUP($D$4,'Air Time'!$A$2:$AA$55,$B16,0) -> 13794 | F16: =VLOOKUP($D$4,'Total Time'!$A$2:$AA$55,$B16,0) -> 25600 | G16: =VLOOKUP($D$4,'Writing Time'!$A$2:$AA$55,$B16,0) -> 11806
A17: 11 | B17: 14 | C17: =VLOOKUP($D$4,'Segment width'!$A$2:$AA$55,$B17,0) -> 10 | D17: =VLOOKUP($D$4,'Hands Raises'!$A$2:$AA$55,$B17,0) -> 15 | E17: =VLOOKUP($D$4,'Air Time'!$A$2:$AA$55,$B17,0) -> 12428 | F17: =VLOOKUP($D$4,'Total Time'!$A$2:$AA$55,$B17,0) -> 23309 | G17: =VLOOKUP($D$4,'Writing Time'!$A$2:$AA$55,$B17,0) -> 10881
A18: 12 | B18: 15 | C18: =VLOOKUP($D$4,'Segment width'!$A$2:$AA$55,$B18,0) -> 5 | D18: =VLOOKUP($D$4,'Hands Raises'!$A$2:$AA$55,$B18,0) -> 15 | E18: =VLOOKUP($D$4,'Air Time'!$A$2:$AA$55,$B18,0) -> 11939 | F18: =VLOOKUP($D$4,'Total Time'!$A$2:$AA$55,$B18,0) -> 22144 | G18: =VLOOKUP($D$4,'Writing Time'!$A$2:$AA$55,$B18,0) -> 10205
A19: 13 | B19: 16 | C19: =VLOOKUP($D$4,'Segment width'!$A$2:$AA$55,$B19,0) -> 11 | D19: =VLOOKUP($D$4,'Hands Raises'!$A$2:$AA$55,$B19,0) -> 15 | E19: =VLOOKUP($D$4,'Air Time'!$A$2:$AA$55,$B19,0) -> 12124 | F19: =VLOOKUP($D$4,'Total Time'!$A$2:$AA$55,$B19,0) -> 23838 | G19: =VLOOKUP($D$4,'Writing Time'!$A$2:$AA$55,$B19,0) -> 11714
... A30: 24 | B30: 27 | C30: =VLOOKUP($D$4,'Segment width'!$A$2:$AA$55,$B30,0) -> 5 | D30: =VLOOKUP($D$4,'Hands Raises'!$A$2:$AA$55,$B30,0) -> 15 | E30: =VLOOKUP($D$4,'Air Time'!$A$2:$AA$55,$B30,0) -> 10950 | F30: =VLOOKUP($D$4,'Total Time'!$A$2:$AA$55,$B30,0) -> 19988 | G30: =VLOOKUP($D$4,'Writing Time'!$A$2:$AA$55,$B30,0) -> 9038

Sheet Segment width
A1: ID | C1: L/R | D1: Block 1 | E1: Block 2 | F1: Block 3 | G1: Block 4 | H1: Block 5 | I1: Block 6 | J1: Block 7 | K1: Block 8 | L1: Block 9 | M1: Block 10 | N1: Block 11 | O1: Block 12 | P1: Block 13 | Q1: Block 14 | R1: Block 15 | S1: Block 16 | T1: Block 17 | U1: Block 18 | V1: Block 19 | W1: Block 20 | X1: Block 21 | Y1: Block 22 | Z1: Block 23 | AA1: Block 24 | AB1: Block 25 | AC1: Block 26 | AD1: Block 27 | AE1: Block 28 | AF1: Block 29 | AG1: Block 30 | AH1: Block 31 | AI1: Block 32 | AJ1: Block 33 | AK1: Block 34 | AL1: Block 35 | AM1: Block 36
A2: 97 | C2: 1 | D2: 15 | E2: 15 | F2: 16 | G2: 15 | H2: 14 | I2: 15 | J2: 12 | K2: 14 | L2: 14 | M2: 14 | N2: 12 | O2: 14 | P2: 14 | Q2: 16 | R2: 15 | S2: 15 | T2: 15 | U2: 15 | V2: 15 | W2: 15 | X2: 15 | Y2: 18 | Z2: 15 | AA2: 16
A3: 98 | C3: 1 | D3: 10 | E3: 9 | F3: 12 | G3: 12 | H3: 11 | I3: 10 | J3: 8 | K3: 11 | L3: 12 | M3: 8 | N3: 8 | O3: 9 | P3: 8 | Q3: 9 | R3: 9 | S3: 11 | T3: 12 | U3: 9 | V3: 9 | W3: 14 | X3: 14 | Y3: 7 | Z3: 8 | AA3: 12
A4: 99 | C4: 1 | D4: 10 | E4: 12 | F4: 11 | G4: 11 | H4: 12 | I4: 14 | J4: 13 | K4: 9 | L4: 8 | M4: 9 | N4: 10 | O4: 5 | P4: 11 | Q4: 10 | R4: 7 | S4: 5 | T4: 4 | U4: 9 | V4: 10 | W4: 11 | X4: 9 | Y4: 8 | Z4: 11 | AA4: 5
A5: 96 | C5: 1 | D5: 13 | E5: 11 | F5: 11 | G5: 10 | H5: 6 | I5: 10 | J5: 11 | K5: 9 | L5: 6 | M5: 5 | N5: 10 | O5: 11 | P5: 13 | Q5: 10 | R5: 11 | S5: 9 | T5: 11 | U5: 11 | V5: 6 | W5: 11 | X5: 9 | Y5: 10 | Z5: 14 | AA5: 13
A6: 102 | C6: 1 | D6: 12 | E6: 8 | F6: 9 | G6: 5 | H6: 8 | I6: 9 | J6: 3 | K6: 8 | L6: 7 | M6: 4 | N6: 11 | O6: 9 | P6: 5 | Q6: 5 | R6: 4 | S6: 2 | T6: 8 | U6: 9 | V6: 8 | W6: 5 | X6: 10 | Y6: 8 | Z6: 2 | AA6: 4
A7: 100 | C7: 1 | D7: 15 | E7: 16 | F7: 15 | G7: 15 | H7: 16 | I7: 15 | J7: 13 | K7: 14 | L7: 14 | M7: 15 | N7: 16 | O7: 14 | P7: 11 | Q7: 10 | R7: 11 | S7: 12 | T7: 12 | U7: 12 | V7: 13 | W7: 10 | X7: 11 | Y7: 9 | Z7: 9 | AA7: 9
A8: 101 | C8: 1 | D8: 13 | E8: 10 | F8: 13 | G8: 5 | H8: 3 | I8: 4 | J8: 8 | K8: 2 | L8: 0 | M8: 4 | N8: 0 | O8: 6 | P8: 4 | Q8: 8 | R8: 6 | S8: 10 | T8: 5 | U8: 1 | V8: 2 | W8: 5 | X8: 4 | Y8: 5 | Z8: 3 | AA8: 6
A9: 103 | C9: 1 | D9: 8 | E9: 6 | F9: 3 | G9: 1 | H9: 9 | I9: 3 | J9: 7 | K9: 5 | L9: 7 | M9: 6 | N9: 9 | O9: 7 | P9: 6 | Q9: 1 | R9: 2 | S9: 2 | T9: 5 | U9: 6 | V9: 2 | W9: 2 | X9: 2 | Y9: 1 | Z9: 2 | AA9: 5
A10: 130 | C10: 1 | D10: 15 | E10: 13 | F10: 11 | G10: 11 | H10: 14 | I10: 10 | J10: 12 | K10: 13 | L10: 12 | M10: 12 | N10: 13 | O10: 12 | P10: 12 | Q10: 13 | R10: 14 | S10: 15 | T10: 13 | U10: 13 | V10: 13 | W10: 15 | X10: 15 | Y10: 12 | Z10: 14 | AA10: 12
A11: 128 | C11: 1 | D11: 16 | E11: 15 | F11: 13 | G11: 14 | H11: 13 | I11: 16 | J11: 14 | K11: 11 | L11: 14 | M11: 17 | N11: 14 | O11: 15 | P11: 14 | Q11: 14 | R11: 14 | S11: 15 | T11: 15 | U11: 14 | V11: 13 | W11: 9 | X11: 12 | Y11: 14 | Z11: 11 | AA11: 12
A12: 129 | C12: 1 | D12: 8 | E12: 11 | F12: 11 | G12: 13 | H12: 14 | I12: 14 | J12: 13 | K12: 12 | L12: 14 | M12: 8 | N12: 12 | O12: 10 | P12: 12 | Q12: 13 | R12: 13 | S12: 8 | T12: 8 | U12: 7 | V12: 10 | W12: 10 | X12: 6 | Y12: 9 | Z12: 11 | AA12: 11
A13: 132 | C13: 0 | D13: 11 | E13: 11 | F13: 10 | G13: 9 | H13: 11 | I13: 11 | J13: 12 | K13: 9 | L13: 11 | M13: 9 | N13: 8 | O13: 9 | P13: 9 | Q13: 14 | R13: 11 | S13: 2 | T13: 8 | U13: 9 | V13: 10 | W13: 16 | X13: 14 | Y13: 12 | Z13: 9 | AA13: 14
... A55: 146 | C55: 1 | D55: 18 | E55: 15 | F55: 15 | G55: 15 | H55: 15 | I55: 15 | J55: 15 | K55: 15 | L55: 15 | M55: 15 | N55: 16 | O55: 15 | P55: 15 | Q55: 15 | R55: 15 | S55: 15 | T55: 15 | U55: 15 | V55: 15 | W55: 15 | X55: 15 | Y55: 15 | Z55: 15 | AA55: 15

Sheet Hands Raises
A1: ID | C1: L/R | D1: Raises 1 | E1: Raises 2 | F1: Raises 3 | G1: Raises 4 | H1: Raises 5 | I1: Raises 6 | J1: Raises 7 | K1: Raises 8 | L1: Raises 9 | M1: Raises 10 | N1: Raises 11 | O1: Raises 12 | P1: Raises 13 | Q1: Raises 14 | R1: Raises 15 | S1: Raises 16 | T1: Raises 17 | U1: Raises 18 | V1: Raises 19 | W1: Raises 20 | X1: Raises 21 | Y1: Raises 22 | Z1: Raises 23 | AA1: Raises 24 | AB1: Raises 25 | AC1: Raises 26 | AD1: Raises 27 | AE1: Raises 28 | AF1: Raises 29 | AG1: Raises 30 | AH1: Raises 31 | AI1: Raises 32 | AJ1: Raises 33 | AK1: Raises 34 | AL1: Raises 35 | AM1: Raises 36 | AN1: Mistakes
A2: 97 | C2: 1 | D2: 16 | E2: 16 | F2: 16 | G2: 15 | H2: 16 | I2: 15 | J2: 15 | K2: 15 | L2: 15 | M2: 15 | N2: 15 | O2: 15 | P2: 19 | Q2: 17 | R2: 17 | S2: 15 | T2: 15 | U2: 18 | V2: 15 | W2: 18 | X2: 15 | Y2: 20 | Z2: 15 | AA2: 16 | AN2: 24
A3: 98 | C3: 1 | D3: 15 | E3: 17 | F3: 15 | G3: 16 | H3: 15 | I3: 15 | J3: 18 | K3: 20 | L3: 16 | M3: 15 | N3: 16 | O3: 15 | P3: 15 | Q3: 16 | R3: 17 | S3: 15 | T3: 15 | U3: 18 | V3: 16 | W3: 17 | X3: 17 | Y3: 15 | Z3: 19 | AA3: 17 | AN3: 30
A4: 99 | C4: 1 | D4: 15 | E4: 15 | F4: 15 | G4: 15 | H4: 15 | I4: 16 | J4: 16 | K4: 15 | L4: 15 | M4: 15 | N4: 15 | O4: 15 | P4: 15 | Q4: 15 | R4: 15 | S4: 15 | T4: 15 | U4: 16 | V4: 15 | W4: 16 | X4: 17 | Y4: 16 | Z4: 15 | AA4: 15 | AN4: 7
A5: 96 | C5: 1 | D5: 16 | E5: 16 | F5: 16 | G5: 16 | H5: 15 | I5: 16 | J5: 15 | K5: 15 | L5: 15 | M5: 16 | N5: 15 | O5: 15 | P5: 16 | Q5: 15 | R5: 16 | S5: 15 | T5: 15 | U5: 15 | V5: 15 | W5: 15 | X5: 15 | Y5: 15 | Z5: 16 | AA5: 15 | AN5: 9
A6: 102 | C6: 1 | D6: 17 | E6: 16 | F6: 18 | G6: 19 | H6: 15 | I6: 15 | J6: 15 | K6: 15 | L6: 16 | M6: 17 | N6: 15 | O6: 15 | P6: 17 | Q6: 16 | R6: 19 | S6: 16 | T6: 19 | U6: 18 | V6: 17 | W6: 16 | X6: 17 | Y6: 17 | Z6: 17 | AA6: 16 | AN6: 38
A7: 100 | C7: 1 | D7: 15 | E7: 16 | F7: 15 | G7: 15 | H7: 16 | I7: 15 | J7: 16 | K7: 16 | L7: 15 | M7: 15 | N7: 16 | O7: 15 | P7: 15 | Q7: 15 | R7: 15 | S7: 15 | T7: 17 | U7: 15 | V7: 15 | W7: 15 | X7: 15 | Y7: 16 | Z7: 16 | AA7: 15 | AN7: 9
A8: 101 | C8: 1 | D8: 17 | E8: 17 | F8: 17 | G8: 17 | H8: 15 | I8: 18 | J8: 16 | K8: 16 | L8: 15 | M8: 17 | N8: 16 | O8: 15 | P8: 18 | Q8: 21 | R8: 16 | S8: 16 | T8: 20 | U8: 16 | V8: 22 | W8: 18 | X8: 17 | Y8: 16 | Z8: 16 | AA8: 17 | AN8: 49
A9: 103 | C9: 1 | D9: 17 | E9: 15 | F9: 15 | G9: 16 | H9: 17 | I9: 16 | J9: 15 | K9: 15 | L9: 15 | M9: 16 | N9: 15 | O9: 15 | P9: 15 | Q9: 17 | R9: 17 | S9: 17 | T9: 17 | U9: 16 | V9: 16 | W9: 16 | X9: 16 | Y9: 16 | Z9: 16 | AA9: 19 | AN9: 25
A10: 130 | C10: 1 | D10: 15 | E10: 15 | F10: 15 | G10: 15 | H10: 16 | I10: 14 | J10: 15 | K10: 15 | L10: 15 | M10: 15 | N10: 15 | O10: 15 | P10: 14 | Q10: 16 | R10: 16 | S10: 15 | T10: 15 | U10: 15 | V10: 15 | W10: 15 | X10: 15 | Y10: 15 | Z10: 15 | AA10: 15 | AN10: 1
A11: 128 | C11: 1 | D11: 16 | E11: 16 | F11: 15 | G11: 17 | H11: 15 | I11: 16 | J11: 15 | K11: 16 | L11: 16 | M11: 19 | N11: 15 | O11: 16 | P11: 15 | Q11: 15 | R11: 15 | S11: 16 | T11: 16 | U11: 15 | V11: 15 | W11: 15 | X11: 15 | Y11: 15 | Z11: 16 | AA11: 15 | AN11: 15
A12: 129 | C12: 1 | D12: 16 | E12: 17 | F12: 18 | G12: 19 | H12: 17 | I12: 16 | J12: 16 | K12: 18 | L12: 19 | M12: 16 | N12: 18 | O12: 19 | P12: 16 | Q12: 16 | R12: 17 | S12: 16 | T12: 16 | U12: 15 | V12: 17 | W12: 15 | X12: 18 | Y12: 15 | Z12: 15 | AA12: 17 | AN12: 42
A13: 132 | C13: 0 | D13: 16 | E13: 17 | F13: 16 | G13: 16 | H13: 16 | I13: 16 | J13: 17 | K13: 15 | L13: 16 | M13: 16 | N13: 16 | O13: 19 | P13: 16 | Q13: 15 | R13: 15 | S13: 15 | T13: 15 | U13: 17 | V13: 15 | W13: 18 | X13: 15 | Y13: 15 | Z13: 17 | AA13: 17 | AN13: 26
... A55: 146 | C55: 1 | D55: 18 | E55: 15 | F55: 15 | G55: 15 | H55: 15 | I55: 15 | J55: 15 | K55: 15 | L55: 16 | M55: 16 | N55: 17 | O55: 16 | P55: 16 | Q55: 15 | R55: 15 | S55: 15 | T55: 16 | U55: 15 | V55: 15 | W55: 15 | X55: 17 | Y55: 15 | Z55: 15 | AA55: 15 | AN55: 12

Sheet Air Time
A1: ID | C1: L/R | D1: Time 1 | E1: Time 2 | F1: Time 3 | G1: Time 4 | H1: Time 5 | I1: Time 6 | J1: Time 7 | K1: Time 8 | L1: Time 9 | M1: Time 10 | N1: Time 11 | O1: Time 12 | P1: Time 13 | Q1: Time 14 | R1: Time 15 | S1: Time 16 | T1: Time 17 | U1: Time 18 | V1: Time 19 | W1: Time 20 | X1: Time 21 | Y1: Time 22 | Z1: Time 23 | AA1: Time 24 | AB1: Time 25 | AC1: Time 26 | AD1: Time 27 | AE1: Time 28 | AF1: Time 29 | AG1: Time 30 | AH1: Time 31 | AI1: Time 32 | AJ1: Time 33 | AK1: Time 34 | AL1: Time 35 | AM1: Time 36
A2: 97 | C2: 1 | D2: 14909 | E2: 14997 | F2: 12267 | G2: 17846 | H2: 14446 | I2: 12985 | J2: 11588 | K2: 12063 | L2: 11359 | M2: 10995 | N2: 12772 | O2: 11921 | P2: 13925 | Q2: 15676 | R2: 15417 | S2: 13247 | T2: 17398 | U2: 14293 | V2: 15245 | W2: 16363 | X2: 10340 | Y2: 13768 | Z2: 11435 | AA2: 16210
A3: 98 | C3: 1 | D3: 47422 | E3: 15683 | F3: 17794 | G3: 17163 | H3: 15641 | I3: 13410 | J3: 12835 | K3: 14165 | L3: 13235 | M3: 11808 | N3: 12616 | O3: 19797 | P3: 22363 | Q3: 15291 | R3: 19025 | S3: 14713 | T3: 16918 | U3: 19964 | V3: 18215 | W3: 18872 | X3: 16552 | Y3: 27739 | Z3: 29331 | AA3: 15784
A4: 99 | C4: 1 | D4: 14320 | E4: 13429 | F4: 14375 | G4: 16019 | H4: 14205 | I4: 15409 | J4: 13577 | K4: 11328 | L4: 13672 | M4: 13794 | N4: 12428 | O4: 11939 | P4: 12124 | Q4: 14917 | R4: 13150 | S4: 13166 | T4: 16424 | U4: 15506 | V4: 20479 | W4: 14491 | X4: 11713 | Y4: 13576 | Z4: 13418 | AA4: 10950
A5: 96 | C5: 1 | D5: 13650 | E5: 16081 | F5: 15889 | G5: 15930 | H5: 14554 | I5: 13361 | J5: 12597 | K5: 14385 | L5: 12489 | M5: 13809 | N5: 14230 | O5: 13666 | P5: 16444 | Q5: 17725 | R5: 13359 | S5: 15148 | T5: 16970 | U5: 15041 | V5: 17510 | W5: 14374 | X5: 16042 | Y5: 15368 | Z5: 16986 | AA5: 13020
A6: 102 | C6: 1 | D6: 43644 | E6: 13126 | F6: 17542 | G6: 18758 | H6: 14173 | I6: 12921 | J6: 16591 | K6: 14647 | L6: 13367 | M6: 33590 | N6: 12219 | O6: 12520 | P6: 11546 | Q6: 16565 | R6: 17036 | S6: 14816 | T6: 15928 | U6: 20312 | V6: 16705 | W6: 13620 | X6: 19110 | Y6: 12576 | Z6: 16757 | AA6: 15863
A7: 100 | C7: 1 | D7: 13897 | E7: 18817 | F7: 16633 | G7: 14138 | H7: 16170 | I7: 17757 | J7: 12407 | K7: 13539 | L7: 13574 | M7: 18591 | N7: 15236 | O7: 131694 | P7: 14871 | Q7: 14744 | R7: 22704 | S7: 16675 | T7: 19516 | U7: 17285 | V7: 19937 | W7: 19217 | X7: 14539 | Y7: 16302 | Z7: 15835 | AA7: 13856
A8: 101 | C8: 1 | D8: 21920 | E8: 20447 | F8: 23524 | G8: 17551 | H8: 15497 | I8: 17162 | J8: 17659 | K8: 16486 | L8: 20015 | M8: 21188 | N8: 14086 | O8: 14279 | P8: 38273 | Q8: 38266 | R8: 22547 | S8: 32914 | T8: 34131 | U8: 17566 | V8: 17283 | W8: 17326 | X8: 17318 | Y8: 25396 | Z8: 11966 | AA8: 17753
A9: 103 | C9: 1 | D9: 35975 | E9: 16234 | F9: 12194 | G9: 20322 | H9: 15912 | I9: 17505 | J9: 20910 | K9: 15005 | L9: 15428 | M9: 14065 | N9: 11129 | O9: 15590 | P9: 24786 | Q9: 14808 | R9: 12544 | S9: 14057 | T9: 13524 | U9: 11864 | V9: 12843 | W9: 53153 | X9: 13434 | Y9: 13624 | Z9: 14869 | AA9: 10344
A10: 130 | C10: 1 | D10: 11545 | E10: 10285 | F10: 8754 | G10: 8876 | H10: 13961 | I10: 9534 | J10: 9127 | K10: 9217 | L10: 9893 | M10: 8765 | N10: 9330 | O10: 8813 | P10: 9142 | Q10: 9621 | R10: 9674 | S10: 9861 | T10: 9858 | U10: 8532 | V10: 10204 | W10: 9484 | X10: 10394 | Y10: 8674 | Z10: 8660 | AA10: 10500
A11: 128 | C11: 1 | D11: 20422 | E11: 13900 | F11: 14569 | G11: 14728 | H11: 14538 | I11: 17269 | J11: 10515 | K11: 12043 | L11: 11218 | M11: 11577 | N11: 10874 | O11: 13278 | P11: 9065 | Q11: 9359 | R11: 9391 | S11: 8720 | T11: 10292 | U11: 10044 | V11: 9453 | W11: 10701 | X11: 9031 | Y11: 9422 | Z11: 10671 | AA11: 9144
A12: 129 | C12: 1 | D12: 11420 | E12: 12121 | F12: 14793 | G12: 13558 | H12: 19577 | I12: 12024 | J12: 16281 | K12: 13261 | L12: 13041 | M12: 13496 | N12: 19642 | O12: 17345 | P12: 14993 | Q12: 16553 | R12: 16534 | S12: 15914 | T12: 12387 | U12: 14041 | V12: 15009 | W12: 15898 | X12: 17659 | Y12: 10970 | Z12: 13447 | AA12: 12727
A13: 132 | C13: 0 | D13: 15581 | E13: 12429 | F13: 11544 | G13: 12791 | H13: 17379 | I13: 14837 | J13: 14429 | K13: 13465 | L13: 15465 | M13: 14280 | N13: 12276 | O13: 16438 | P13: 12494 | Q13: 10639 | R13: 10671 | S13: 9752 | T13: 11052 | U13: 14413 | V13: 11200 | W13: 15889 | X13: 11138 | Y13: 12763 | Z13: 10905 | AA13: 11312
... A55: 146 | C55: 1 | D55: 14648 | E55: 13025 | F55: 12619 | G55: 12760 | H55: 14261 | I55: 13320 | J55: 14198 | K55: 12448 | L55: 12354 | M55: 12937 | N55: 13461 | O55: 15102 | P55: 17645 | Q55: 11738 | R55: 12213 | S55: 12426 | T55: 16082 | U55: 11262 | V55: 12042 | W55: 11652 | X55: 16505 | Y55: 12402 | Z55: 10699 | AA55: 11529
A58: MIN > | B58: =MIN(D2:AA55) -> 7443 | D58: MAX > | E58: =MAX(D2:AA55) -> 131694 | G58: AVG > | H58: =AVERAGE(D2:AA55) -> 13732.186

Sheet Writing Time
A1: ID | C1: L/R | D1: Time 1 | E1: Time 2 | F1: Time 3 | G1: Time 4 | H1: Time 5 | I1: Time 6 | J1: Time 7 | K1: Time 8 | L1: Time 9 | M1: Time 10 | N1: Time 11 | O1: Time 12 | P1: Time 13 | Q1: Time 14 | R1: Time 15 | S1: Time 16 | T1: Time 17 | U1: Time 18 | V1: Time 19 | W1: Time 20 | X1: Time 21 | Y1: Time 22 | Z1: Time 23 | AA1: Time 24 | AB1: Time 25 | AC1: Time 26 | AD1: Time 27 | AE1: Time 28 | AF1: Time 29 | AG1: Time 30 | AH1: Time 31 | AI1: Time 32 | AJ1: Time 33 | AK1: Time 34 | AL1: Time 35 | AM1: Time 36
A2: 97 | C2: 1 | D2: 20860 | E2: 16038 | F2: 18129 | G2: 17919 | H2: 18554 | I2: 15310 | J2: 13282 | K2: 13505 | L2: 14795 | M2: 14680 | N2: 17948 | O2: 17380 | P2: 25038 | Q2: 23995 | R2: 23988 | S2: 22400 | T2: 20162 | U2: 22213 | V2: 23991 | W2: 23770 | X2: 18230 | Y2: 21632 | Z2: 18909 | AA2: 20495
A3: 98 | C3: 1 | D3: 22260 | E3: 22607 | F3: 20981 | G3: 21853 | H3: 22180 | I3: 20375 | J3: 18364 | K3: 19440 | L3: 17950 | M3: 16722 | N3: 18769 | O3: 20308 | P3: 15042 | Q3: 17489 | R3: 16336 | S3: 18347 | T3: 18286 | U3: 17371 | V3: 18969 | W3: 22868 | X3: 19138 | Y3: 20707 | Z3: 18166 | AA3: 16505
A4: 99 | C4: 1 | D4: 19411 | E4: 15207 | F4: 14545 | G4: 14036 | H4: 14675 | I4: 15581 | J4: 12563 | K4: 11387 | L4: 11765 | M4: 11806 | N4: 10881 | O4: 10205 | P4: 11714 | Q4: 10575 | R4: 11702 | S4: 11014 | T4: 10265 | U4: 11064 | V4: 10360 | W4: 10220 | X4: 10589 | Y4: 9886 | Z4: 9561 | AA4: 9038
A5: 96 | C5: 1 | D5: 25511 | E5: 20424 | F5: 19505 | G5: 19081 | H5: 16846 | I5: 16109 | J5: 16708 | K5: 14595 | L5: 16089 | M5: 14200 | N5: 15484 | O5: 13628 | P5: 23189 | Q5: 18775 | R5: 18546 | S5: 19364 | T5: 14786 | U5: 15829 | V5: 16995 | W5: 17296 | X5: 19166 | Y5: 20162 | Z5: 19279 | AA5: 16549
A6: 102 | C6: 1 | D6: 21722 | E6: 19029 | F6: 19078 | G6: 21232 | H6: 23642 | I6: 18178 | J6: 16296 | K6: 15918 | L6: 14614 | M6: 15110 | N6: 16441 | O6: 15069 | P6: 17600 | Q6: 20693 | R6: 25428 | S6: 15454 | T6: 16632 | U6: 16008 | V6: 19736 | W6: 15211 | X6: 15664 | Y6: 14868 | Z6: 15016 | AA6: 11998
A7: 100 | C7: 1 | D7: 25867 | E7: 27223 | F7: 28253 | G7: 24848 | H7: 24040 | I7: 23957 | J7: 21468 | K7: 22825 | L7: 21146 | M7: 24705 | N7: 25061 | O7: 23368 | P7: 19997 | Q7: 19251 | R7: 19196 | S7: 22325 | T7: 18345 | U7: 19906 | V7: 18737 | W7: 19003 | X7: 17348 | Y7: 18860 | Z7: 18787 | AA7: 17020
A8: 101 | C8: 1 | D8: 24446 | E8: 20443 | F8: 24010 | G8: 20969 | H8: 18305 | I8: 19006 | J8: 16087 | K8: 15400 | L8: 12236 | M8: 17801 | N8: 13105 | O8: 13662 | P8: 15288 | Q8: 27708 | R8: 12793 | S8: 21015 | T8: 18550 | U8: 12370 | V8: 14744 | W8: 13869 | X8: 12010 | Y8: 17520 | Z8: 9843 | AA8: 10358
A9: 103 | C9: 1 | D9: 22980 | E9: 23177 | F9: 20075 | G9: 22133 | H9: 21190 | I9: 20210 | J9: 21105 | K9: 21260 | L9: 21487 | M9: 15685 | N9: 15505 | O9: 15435 | P9: 27648 | Q9: 23651 | R9: 22725 | S9: 29374 | T9: 22162 | U9: 20625 | V9: 19951 | W9: 21483 | X9: 20037 | Y9: 18052 | Z9: 19139 | AA9: 19904
A10: 130 | C10: 1 | D10: 17144 | E10: 14445 | F10: 13135 | G10: 13042 | H10: 12886 | I10: 11855 | J10: 12651 | K10: 12706 | L10: 12619 | M10: 11671 | N10: 12777 | O10: 11623 | P10: 15885 | Q10: 14824 | R10: 13137 | S10: 11708 | T10: 11686 | U10: 11358 | V10: 11964 | W10: 10937 | X10: 12667 | Y10: 10873 | Z10: 10374 | AA10: 9469
A11: 128 | C11: 1 | D11: 22573 | E11: 19781 | F11: 18159 | G11: 20123 | H11: 16868 | I11: 16880 | J11: 16676 | K11: 17550 | L11: 15053 | M11: 16738 | N11: 14134 | O11: 14476 | P11: 9984 | Q11: 9128 | R11: 8939 | S11: 9018 | T11: 11311 | U11: 8738 | V11: 9204 | W11: 8752 | X11: 11672 | Y11: 11203 | Z11: 11014 | AA11: 10186
A12: 129 | C12: 1 | D12: 17644 | E12: 21248 | F12: 26288 | G12: 23121 | H12: 26135 | I12: 23419 | J12: 26070 | K12: 28329 | L12: 20234 | M12: 23541 | N12: 25493 | O12: 25821 | P12: 17895 | Q12: 19064 | R12: 23835 | S12: 28997 | T12: 19123 | U12: 15538 | V12: 18490 | W12: 18282 | X12: 24913 | Y12: 16518 | Z12: 18596 | AA12: 19176
A13: 132 | C13: 0 | D13: 17241 | E13: 14046 | F13: 11685 | G13: 12589 | H13: 13323 | I13: 14023 | J13: 12575 | K13: 10358 | L13: 12445 | M13: 13448 | N13: 11311 | O13: 9720 | P13: 10002 | Q13: 13057 | R13: 12839 | S13: 9889 | T13: 9257 | U13: 10266 | V13: 9392 | W13: 11406 | X13: 9862 | Y13: 9420 | Z13: 9983 | AA13: 10451
... A55: 146 | C55: 1 | D55: 15959 | E55: 15951 | F55: 13105 | G55: 13856 | H55: 14649 | I55: 12053 | J55: 12730 | K55: 11623 | L55: 11374 | M55: 11591 | N55: 12982 | O55: 11904 | P55: 14430 | Q55: 11856 | R55: 9550 | S55: 10473 | T55: 13122 | U55: 9909 | V55: 8956 | W55: 9252 | X55: 9454 | Y55: 8299 | Z55: 8833 | AA55: 7831
A58: MIN > | B58: =MIN(D2:AA55) -> 4610 | D58: MAX > | E58: =MAX(D2:AA55) -> 41828 | G58: AVG > | H58: =AVERAGE(D2:AA55) -> 15921.842

Sheet Total Time
A1: ID | C1: L/R | D1: Time 1 | E1: Time 2 | F1: Time 3 | G1: Time 4 | H1: Time 5 | I1: Time 6 | J1: Time 7 | K1: Time 8 | L1: Time 9 | M1: Time 10 | N1: Time 11 | O1: Time 12 | P1: Time 13 | Q1: Time 14 | R1: Time 15 | S1: Time 16 | T1: Time 17 | U1: Time 18 | V1: Time 19 | W1: Time 20 | X1: Time 21 | Y1: Time 22 | Z1: Time 23 | AA1: Time 24 | AB1: Time 25 | AC1: Time 26 | AD1: Time 27 | AE1: Time 28 | AF1: Time 29 | AG1: Time 30 | AH1: Time 31 | AI1: Time 32 | AJ1: Time 33 | AK1: Time 34 | AL1: Time 35 | AM1: Time 36
A2: 97 | C2: 1 | D2: 35769 | E2: 31035 | F2: 30396 | G2: 35765 | H2: 33000 | I2: 28295 | J2: 24870 | K2: 25568 | L2: 26154 | M2: 25675 | N2: 30720 | O2: 29301 | P2: 38963 | Q2: 39671 | R2: 39405 | S2: 35647 | T2: 37560 | U2: 36506 | V2: 39236 | W2: 40133 | X2: 28570 | Y2: 35400 | Z2: 30344 | AA2: 36705
A3: 98 | C3: 1 | D3: 69682 | E3: 38290 | F3: 38775 | G3: 39016 | H3: 37821 | I3: 33785 | J3: 31199 | K3: 33605 | L3: 31185 | M3: 28530 | N3: 31385 | O3: 40105 | P3: 37405 | Q3: 32780 | R3: 35361 | S3: 33060 | T3: 35204 | U3: 37335 | V3: 37184 | W3: 41740 | X3: 35690 | Y3: 48446 | Z3: 47497 | AA3: 32289
A4: 99 | C4: 1 | D4: 33731 | E4: 28636 | F4: 28920 | G4: 30055 | H4: 28880 | I4: 30990 | J4: 26140 | K4: 22715 | L4: 25437 | M4: 25600 | N4: 23309 | O4: 22144 | P4: 23838 | Q4: 25492 | R4: 24852 | S4: 24180 | T4: 26689 | U4: 26570 | V4: 30839 | W4: 24711 | X4: 22302 | Y4: 23462 | Z4: 22979 | AA4: 19988
A5: 96 | C5: 1 | D5: 39161 | E5: 36505 | F5: 35394 | G5: 35011 | H5: 31400 | I5: 29470 | J5: 29305 | K5: 28980 | L5: 28578 | M5: 28009 | N5: 29714 | O5: 27294 | P5: 39633 | Q5: 36500 | R5: 31905 | S5: 34512 | T5: 31756 | U5: 30870 | V5: 34505 | W5: 31670 | X5: 35208 | Y5: 35530 | Z5: 36265 | AA5: 29569
A6: 102 | C6: 1 | D6: 65366 | E6: 32155 | F6: 36620 | G6: 39990 | H6: 37815 | I6: 31099 | J6: 32887 | K6: 30565 | L6: 27981 | M6: 48700 | N6: 28660 | O6: 27589 | P6: 29146 | Q6: 37258 | R6: 42464 | S6: 30270 | T6: 32560 | U6: 36320 | V6: 36441 | W6: 28831 | X6: 34774 | Y6: 27444 | Z6: 31773 | AA6: 27861
A7: 100 | C7: 1 | D7: 39764 | E7: 46040 | F7: 44886 | G7: 38986 | H7: 40210 | I7: 41714 | J7: 33875 | K7: 36364 | L7: 34720 | M7: 43296 | N7: 40297 | O7: 155062 | P7: 34868 | Q7: 33995 | R7: 41900 | S7: 39000 | T7: 37861 | U7: 37191 | V7: 38674 | W7: 38220 | X7: 31887 | Y7: 35162 | Z7: 34622 | AA7: 30876
A8: 101 | C8: 1 | D8: 46366 | E8: 40890 | F8: 47534 | G8: 38520 | H8: 33802 | I8: 36168 | J8: 33746 | K8: 31886 | L8: 32251 | M8: 38989 | N8: 27191 | O8: 27941 | P8: 53561 | Q8: 65974 | R8: 35340 | S8: 53929 | T8: 52681 | U8: 29936 | V8: 32027 | W8: 31195 | X8: 29328 | Y8: 42916 | Z8: 21809 | AA8: 28111
A9: 103 | C9: 1 | D9: 58955 | E9: 39411 | F9: 32269 | G9: 42455 | H9: 37102 | I9: 37715 | J9: 42015 | K9: 36265 | L9: 36915 | M9: 29750 | N9: 26634 | O9: 31025 | P9: 52434 | Q9: 38459 | R9: 35269 | S9: 43431 | T9: 35686 | U9: 32489 | V9: 32794 | W9: 74636 | X9: 33471 | Y9: 31676 | Z9: 34008 | AA9: 30248
A10: 130 | C10: 1 | D10: 28689 | E10: 24730 | F10: 21889 | G10: 21918 | H10: 26847 | I10: 21389 | J10: 21778 | K10: 21923 | L10: 22512 | M10: 20436 | N10: 22107 | O10: 20436 | P10: 25027 | Q10: 24445 | R10: 22811 | S10: 21569 | T10: 21544 | U10: 19890 | V10: 22168 | W10: 20421 | X10: 23061 | Y10: 19547 | Z10: 19034 | AA10: 19969
A11: 128 | C11: 1 | D11: 42995 | E11: 33681 | F11: 32728 | G11: 34851 | H11: 31406 | I11: 34149 | J11: 27191 | K11: 29593 | L11: 26271 | M11: 28315 | N11: 25008 | O11: 27754 | P11: 19049 | Q11: 18487 | R11: 18330 | S11: 17738 | T11: 21603 | U11: 18782 | V11: 18657 | W11: 19453 | X11: 20703 | Y11: 20625 | Z11: 21685 | AA11: 19330
A12: 129 | C12: 1 | D12: 29064 | E12: 33369 | F12: 41081 | G12: 36679 | H12: 45712 | I12: 35443 | J12: 42351 | K12: 41590 | L12: 33275 | M12: 37037 | N12: 45135 | O12: 43166 | P12: 32888 | Q12: 35617 | R12: 40369 | S12: 44911 | T12: 31510 | U12: 29579 | V12: 33499 | W12: 34180 | X12: 42572 | Y12: 27488 | Z12: 32043 | AA12: 31903
A13: 132 | C13: 0 | D13: 32822 | E13: 26475 | F13: 23229 | G13: 25380 | H13: 30702 | I13: 28860 | J13: 27004 | K13: 23823 | L13: 27910 | M13: 27728 | N13: 23587 | O13: 26158 | P13: 22496 | Q13: 23696 | R13: 23510 | S13: 19641 | T13: 20309 | U13: 24679 | V13: 20592 | W13: 27295 | X13: 21000 | Y13: 22183 | Z13: 20888 | AA13: 21763
... A55: 146 | C55: 1 | D55: 30607 | E55: 28976 | F55: 25724 | G55: 26616 | H55: 28910 | I55: 25373 | J55: 26928 | K55: 24071 | L55: 23728 | M55: 24528 | N55: 26443 | O55: 27006 | P55: 32075 | Q55: 23594 | R55: 21763 | S55: 22899 | T55: 29204 | U55: 21171 | V55: 20998 | W55: 20904 | X55: 25959 | Y55: 20701 | Z55: 19532 | AA55: 19360
A58: MIN > | B58: =MIN(D2:AA55) -> 12620 | D58: MAX > | E58: =MAX(D2:AA55) -> 155062 | G58: AVG > | H58: =AVERAGE(D2:AA55) -> 29654.028
